PassengerId,Survived,Pclass,Sex,Age,SibSp,Parch,Fare,Embarked_Q,Embarked_S
1,0,3,0,-0.5657364610748746,0.4327933656785018,-0.4736736092984604,-0.5024451714361923,0,1
3,1,3,1,-0.2583370877897099,-0.47454519624983954,-0.4736736092984604,-0.4888542575852486,0,1
4,1,1,1,0.4333115021019107,0.4327933656785018,-0.4736736092984604,0.4207302360686478,0,1
5,0,3,0,0.4333115021019107,-0.47454519624983954,-0.4736736092984604,-0.4863374216869257,0,1
6,0,3,0,-0.10463740114712752,-0.47454519624983954,-0.4736736092984604,-0.47811642890864375,1,0
7,0,1,0,1.893458525206443,-0.47454519624983954,-0.4736736092984604,0.395813560675251,0,1
10,1,2,1,-1.180535207645204,0.4327933656785018,-0.4736736092984604,-0.04295550208861426,0,0
13,0,3,0,-0.719436147717457,-0.47454519624983954,-0.4736736092984604,-0.4863374216869257,0,1
15,0,3,1,-1.180535207645204,-0.47454519624983954,-0.4736736092984604,-0.4902797934380587,0,1
18,1,2,0,-0.10463740114712752,-0.47454519624983954,-0.4736736092984604,-0.3866707201133388,0,1
19,0,3,1,0.12591212881674602,0.4327933656785018,-0.4736736092984604,-0.2859972841804228,0,1
20,1,3,1,-0.10463740114712752,-0.47454519624983954,-0.4736736092984604,-0.5029485386158568,0,0
21,0,2,0,0.4333115021019107,-0.47454519624983954,-0.4736736092984604,-0.12491978668775715,0,1
22,1,2,0,0.35646165878061953,-0.47454519624983954,-0.4736736092984604,-0.3866707201133388,0,1
23,1,3,1,-1.1036853643239128,-0.47454519624983954,-0.4736736092984604,-0.4867562231804066,1,0
24,1,1,0,-0.10463740114712752,-0.47454519624983954,-0.4736736092984604,0.06635974158478332,0,1
27,0,3,0,-0.10463740114712752,-0.47454519624983954,-0.4736736092984604,-0.5029485386158568,0,0
29,1,3,1,-0.10463740114712752,-0.47454519624983954,-0.4736736092984604,-0.48977642625839407,1,0
30,0,3,0,-0.10463740114712752,-0.47454519624983954,-0.4736736092984604,-0.4894421904510968,0,1
31,0,1,0,0.8175607187083667,-0.47454519624983954,-0.4736736092984604,-0.09027201697708476,0,0
33,1,3,1,-0.10463740114712752,-0.47454519624983954,-0.4736736092984604,-0.49237782784290063,1,0
36,0,1,0,0.9712604053509489,0.4327933656785018,-0.4736736092984604,0.39858208016340624,0,1
37,1,3,0,-0.10463740114712752,-0.47454519624983954,-0.4736736092984604,-0.5028639729296732,0,0
38,0,3,0,-0.6425863043961658,-0.47454519624983954,-0.4736736092984604,-0.4863374216869257,0,1
39,0,3,1,-0.8731358343600393,1.340131927606843,-0.4736736092984604,-0.2859972841804228,0,1
40,1,3,1,-1.180535207645204,0.4327933656785018,-0.4736736092984604,-0.42207354059350805,0,0
41,0,3,1,0.8175607187083667,0.4327933656785018,-0.4736736092984604,-0.4576454924460446,0,1
42,0,2,1,-0.1814872444684187,0.4327933656785018,-0.4736736092984604,-0.22559322262067316,0,1
43,0,3,0,-0.10463740114712752,-0.47454519624983954,-0.4736736092984604,-0.4894421904510968,0,0
45,1,3,1,-0.7962859910387481,-0.47454519624983954,-0.4736736092984604,-0.48977642625839407,1,0
46,0,3,0,-0.10463740114712752,-0.47454519624983954,-0.4736736092984604,-0.4863374216869257,0,1
47,0,3,0,-0.10463740114712752,0.4327933656785018,-0.4736736092984604,-0.3363340021468808,1,0
48,1,3,1,-0.10463740114712752,-0.47454519624983954,-0.4736736092984604,-0.49237782784290063,1,0
49,0,3,0,-0.10463740114712752,1.340131927606843,-0.4736736092984604,-0.21191774308354583,0,0
50,0,3,1,-0.8731358343600393,0.4327933656785018,-0.4736736092984604,-0.29002422161773944,0,1
52,0,3,0,-0.6425863043961658,-0.47454519624983954,-0.4736736092984604,-0.4913710934835715,0,1
54,1,2,1,-0.027787557825836348,0.4327933656785018,-0.4736736092984604,-0.12491978668775715,0,1
56,1,1,0,-0.10463740114712752,-0.47454519624983954,-0.4736736092984604,0.06635974158478332,0,1
57,1,2,1,-0.6425863043961658,-0.47454519624983954,-0.4736736092984604,-0.43700743807979686,0,1
58,0,3,0,-0.06621247948648194,-0.47454519624983954,-0.4736736092984604,-0.5028639729296732,0,0
61,0,3,0,-0.5657364610748746,-0.47454519624983954,-0.4736736092984604,-0.5028639729296732,0,0
65,0,1,0,-0.10463740114712752,-0.47454519624983954,-0.4736736092984604,-0.09027201697708476,0,0
67,1,2,1,-0.027787557825836348,-0.47454519624983954,-0.4736736092984604,-0.43700743807979686,0,1
68,0,3,0,-0.7962859910387481,-0.47454519624983954,-0.4736736092984604,-0.4841568350646187,0,1
70,0,3,0,-0.2583370877897099,1.340131927606843,-0.4736736092984604,-0.47400492578514347,0,1
71,0,2,0,0.20276197213803718,-0.47454519624983954,-0.4736736092984604,-0.43700743807979686,0,1
74,0,3,0,-0.2583370877897099,0.4327933656785018,-0.4736736092984604,-0.3573908580066095,0,0
76,0,3,0,-0.33518693111100106,-0.47454519624983954,-0.4736736092984604,-0.494391296561559,0,1
77,0,3,0,-0.10463740114712752,-0.47454519624983954,-0.4736736092984604,-0.4894421904510968,0,1
78,0,3,0,-0.10463740114712752,-0.47454519624983954,-0.4736736092984604,-0.4863374216869257,0,1
80,1,3,1,0.04906228549545483,-0.47454519624983954,-0.4736736092984604,-0.397241430886295,0,1
81,0,3,0,-0.5657364610748746,-0.47454519624983954,-0.4736736092984604,-0.46720946885967163,0,1
82,1,3,0,-0.027787557825836348,-0.47454519624983954,-0.4736736092984604,-0.45714212526638004,0,1
83,1,3,1,-0.10463740114712752,-0.47454519624983954,-0.4736736092984604,-0.49162277707340374,1,0
84,0,1,0,-0.10463740114712752,-0.47454519624983954,-0.4736736092984604,0.29992211294914856,0,1
85,1,2,1,-0.9499856776813305,-0.47454519624983954,-0.4736736092984604,-0.43700743807979686,0,1
88,0,3,0,-0.10463740114712752,-0.47454519624983954,-0.4736736092984604,-0.4863374216869257,0,1
90,0,3,0,-0.41203677443229225,-0.47454519624983954,-0.4736736092984604,-0.4863374216869257,0,1
91,0,3,0,-0.027787557825836348,-0.47454519624983954,-0.4736736092984604,-0.4863374216869257,0,1
92,0,3,0,-0.719436147717457,-0.47454519624983954,-0.4736736092984604,-0.4902797934380587,0,1
96,0,3,0,-0.10463740114712752,-0.47454519624983954,-0.4736736092984604,-0.4863374216869257,0,1
100,0,2,0,0.35646165878061953,0.4327933656785018,-0.4736736092984604,-0.12491978668775715,0,1
101,0,3,1,-0.10463740114712752,-0.47454519624983954,-0.4736736092984604,-0.4894421904510968,0,1
102,0,3,0,-0.10463740114712752,-0.47454519624983954,-0.4736736092984604,-0.4894421904510968,0,1
104,0,3,0,0.27961181545932834,-0.47454519624983954,-0.4736736092984604,-0.4741720436887921,0,1
105,0,3,0,0.5870111887444931,1.340131927606843,-0.4736736092984604,-0.4888542575852486,0,1
106,0,3,0,-0.10463740114712752,-0.47454519624983954,-0.4736736092984604,-0.4894421904510968,0,1
107,1,3,1,-0.6425863043961658,-0.47454519624983954,-0.4736736092984604,-0.494391296561559,0,1
108,1,3,0,-0.10463740114712752,-0.47454519624983954,-0.4736736092984604,-0.4918744606632361,0,1
109,0,3,0,0.6638610320657843,-0.47454519624983954,-0.4736736092984604,-0.4894421904510968,0,1
110,1,3,1,-0.10463740114712752,0.4327933656785018,-0.4736736092984604,-0.1621689579829361,1,0
111,0,1,0,1.3555096219574048,-0.47454519624983954,-0.4736736092984604,0.39858208016340624,0,1
112,0,3,1,-1.1421102859845584,0.4327933656785018,-0.4736736092984604,-0.3573908580066095,0,0
113,0,3,0,-0.5657364610748746,-0.47454519624983954,-0.4736736092984604,-0.4863374216869257,0,1
114,0,3,1,-0.719436147717457,0.4327933656785018,-0.4736736092984604,-0.4505983519307405,0,1
115,0,3,1,-0.9499856776813305,-0.47454519624983954,-0.4736736092984604,-0.3573083057891445,0,0
116,0,3,0,-0.6425863043961658,-0.47454519624983954,-0.4736736092984604,-0.4888542575852486,0,1
118,0,2,0,-0.027787557825836348,0.4327933656785018,-0.4736736092984604,-0.22559322262067316,0,1
122,0,3,0,-0.10463740114712752,-0.47454519624983954,-0.4736736092984604,-0.4863374216869257,0,1
123,0,2,0,0.24118689379868277,0.4327933656785018,-0.4736736092984604,-0.04295550208861426,0,0
124,1,2,1,0.24118689379868277,-0.47454519624983954,-0.4736736092984604,-0.3866707201133388,0,1
126,1,3,0,-1.3342348942877864,0.4327933656785018,-0.4736736092984604,-0.42207354059350805,0,0
127,0,3,0,-0.10463740114712752,-0.47454519624983954,-0.4736736092984604,-0.49237782784290063,1,0
128,1,3,0,-0.41203677443229225,-0.47454519624983954,-0.4736736092984604,-0.5046257580584992,0,1
130,0,3,0,1.2018099353148226,-0.47454519624983954,-0.4736736092984604,-0.5079822104125026,0,1
131,0,3,0,0.27961181545932834,-0.47454519624983954,-0.4736736092984604,-0.4894421904510968,0,0
132,0,3,0,-0.719436147717457,-0.47454519624983954,-0.4736736092984604,-0.5064721088735089,0,1
133,0,3,1,1.3555096219574048,0.4327933656785018,-0.4736736092984604,-0.35646868933346404,0,1
134,1,2,1,-0.027787557825836348,0.4327933656785018,-0.4736736092984604,-0.12491978668775715,0,1
135,0,2,0,-0.33518693111100106,-0.47454519624983954,-0.4736736092984604,-0.3866707201133388,0,1
136,0,2,0,-0.48888661775358344,-0.47454519624983954,-0.4736736092984604,-0.3454791770670269,0,0
138,0,1,0,0.5870111887444931,0.4327933656785018,-0.4736736092984604,0.4207302360686478,0,1
139,0,3,0,-1.0268355210026217,-0.47454519624983954,-0.4736736092984604,-0.4628462821463391,0,1
142,1,3,1,-0.5657364610748746,-0.47454519624983954,-0.4736736092984604,-0.49237782784290063,0,1
143,1,3,1,-0.41203677443229225,0.4327933656785018,-0.4736736092984604,-0.32928686163157667,0,1
144,0,3,0,-0.7962859910387481,-0.47454519624983954,-0.4736736092984604,-0.5125125150294839,1,0
145,0,2,0,-0.8731358343600393,-0.47454519624983954,-0.4736736092984604,-0.41687275089321363,0,1
147,1,3,0,-0.1814872444684187,-0.47454519624983954,-0.4736736092984604,-0.49145565916975514,0,1
150,0,2,0,0.9712604053509489,-0.47454519624983954,-0.4736736092984604,-0.3866707201133388,0,1
151,0,2,0,1.6629089952425695,-0.47454519624983954,-0.4736736092984604,-0.39623469652696586,0,1
155,0,3,0,-0.10463740114712752,-0.47454519624983954,-0.4736736092984604,-0.5011867534870308,0,1
157,1,3,1,-1.0268355210026217,-0.47454519624983954,-0.4736736092984604,-0.49271407711891657,1,0
158,0,3,0,0.04906228549545483,-0.47454519624983954,-0.4736736092984604,-0.4863374216869257,0,1
159,0,3,0,-0.10463740114712752,-0.47454519624983954,-0.4736736092984604,-0.47400492578514347,0,1
162,1,2,1,0.8175607187083667,-0.47454519624983954,-0.4736736092984604,-0.331300330350235,0,1
163,0,3,0,-0.2583370877897099,-0.47454519624983954,-0.4736736092984604,-0.4918744606632361,0,1
164,0,3,0,-0.9499856776813305,-0.47454519624983954,-0.4736736092984604,-0.47400492578514347,0,1
169,0,1,0,-0.10463740114712752,-0.47454519624983954,-0.4736736092984604,-0.12642988822675086,0,1
174,0,3,0,-0.6425863043961658,-0.47454519624983954,-0.4736736092984604,-0.4888542575852486,0,1
178,0,1,1,1.5860591519212783,-0.47454519624983954,-0.4736736092984604,-0.07030444769415023,0,0
179,0,2,0,0.04906228549545483,-0.47454519624983954,-0.4736736092984604,-0.3866707201133388,0,1
180,0,3,0,0.5101613454232019,-0.47454519624983954,-0.4736736092984604,-0.6484216535389205,0,1
182,0,2,0,-0.10463740114712752,-0.47454519624983954,-0.4736736092984604,-0.34539461138084326,0,0
186,0,1,0,-0.10463740114712752,-0.47454519624983954,-0.4736736092984604,0.3583127057902398,0,1
187,1,3,1,-0.10463740114712752,0.4327933656785018,-0.4736736092984604,-0.3363340021468808,1,0
188,1,1,0,1.2018099353148226,-0.47454519624983954,-0.4736736092984604,-0.11384570873513637,0,1
190,0,3,0,0.5101613454232019,-0.47454519624983954,-0.4736736092984604,-0.4894421904510968,0,1
191,1,2,1,0.20276197213803718,-0.47454519624983954,-0.4736736092984604,-0.3866707201133388,0,1
192,0,2,0,-0.7962859910387481,-0.47454519624983954,-0.4736736092984604,-0.3866707201133388,0,1
193,1,3,1,-0.7962859910387481,0.4327933656785018,-0.4736736092984604,-0.4902797934380587,0,1
195,1,1,1,1.1249600919935314,-0.47454519624983954,-0.4736736092984604,-0.09027201697708476,0,0
197,0,3,0,-0.10463740114712752,-0.47454519624983954,-0.4736736092984604,-0.49237782784290063,1,0
199,1,3,1,-0.10463740114712752,-0.47454519624983954,-0.4736736092984604,-0.49237782784290063,1,0
200,0,2,1,-0.41203677443229225,-0.47454519624983954,-0.4736736092984604,-0.3866707201133388,0,1
201,0,3,0,-0.10463740114712752,-0.47454519624983954,-0.4736736092984604,-0.45714212526638004,0,1
203,0,3,0,0.35646165878061953,-0.47454519624983954,-0.4736736092984604,-0.5176307525123133,0,1
204,0,3,0,1.2402348569754682,-0.47454519624983954,-0.4736736092984604,-0.5029485386158568,0,0
205,1,3,0,-0.8731358343600393,-0.47454519624983954,-0.4736736092984604,-0.4863374216869257,0,1
207,0,3,0,0.20276197213803718,0.4327933656785018,-0.4736736092984604,-0.32928686163157667,0,1
208,1,3,0,-0.2583370877897099,-0.47454519624983954,-0.4736736092984604,-0.2701412180209885,0,0
209,1,3,1,-1.0268355210026217,-0.47454519624983954,-0.4736736092984604,-0.49237782784290063,1,0
210,1,1,0,0.8175607187083667,-0.47454519624983954,-0.4736736092984604,-0.024246350754841113,0,0
211,0,3,0,-0.41203677443229225,-0.47454519624983954,-0.4736736092984604,-0.5064721088735089,0,1
212,1,2,1,0.4333115021019107,-0.47454519624983954,-0.4736736092984604,-0.22559322262067316,0,1
213,0,3,0,-0.5657364610748746,-0.47454519624983954,-0.4736736092984604,-0.5024451714361923,0,1
214,0,2,0,0.04906228549545483,-0.47454519624983954,-0.4736736092984604,-0.3866707201133388,0,1
215,0,3,0,-0.10463740114712752,0.4327933656785018,-0.4736736092984604,-0.49237782784290063,1,0
217,1,3,1,-0.1814872444684187,-0.47454519624983954,-0.4736736092984604,-0.4888542575852486,0,1
218,0,2,0,0.9712604053509489,0.4327933656785018,-0.4736736092984604,-0.10478509950117394,0,1
220,0,2,0,0.04906228549545483,-0.47454519624983954,-0.4736736092984604,-0.43700743807979686,0,1
221,1,3,0,-1.0268355210026217,-0.47454519624983954,-0.4736736092984604,-0.4863374216869257,0,1
222,0,2,0,-0.1814872444684187,-0.47454519624983954,-0.4736736092984604,-0.3866707201133388,0,1
223,0,3,0,1.6629089952425695,-0.47454519624983954,-0.4736736092984604,-0.4863374216869257,0,1
224,0,3,0,-0.10463740114712752,-0.47454519624983954,-0.4736736092984604,-0.4894421904510968,0,1
226,0,3,0,-0.5657364610748746,-0.47454519624983954,-0.4736736092984604,-0.4601623283443675,0,1
227,1,2,0,-0.7962859910387481,-0.47454519624983954,-0.4736736092984604,-0.43700743807979686,0,1
228,0,3,0,-0.6810112260568114,-0.47454519624983954,-0.4736736092984604,-0.5024451714361923,0,1
229,0,2,0,-0.8731358343600393,-0.47454519624983954,-0.4736736092984604,-0.3866707201133388,0,1
232,0,3,0,-0.027787557825836348,-0.47454519624983954,-0.4736736092984604,-0.4918744606632361,0,1
235,0,2,0,-0.41203677443229225,-0.47454519624983954,-0.4736736092984604,-0.43700743807979686,0,1
236,0,3,1,-0.10463740114712752,-0.47454519624983954,-0.4736736092984604,-0.49640476528021726,0,1
237,0,2,0,1.1249600919935314,0.4327933656785018,-0.4736736092984604,-0.12491978668775715,0,1
239,0,2,0,-0.7962859910387481,-0.47454519624983954,-0.4736736092984604,-0.43700743807979686,0,1
240,0,2,0,0.27961181545932834,-0.47454519624983954,-0.4736736092984604,-0.4012683683236117,0,1
241,0,3,1,-0.10463740114712752,0.4327933656785018,-0.4736736092984604,-0.3573908580066095,0,0
242,1,3,1,-0.10463740114712752,0.4327933656785018,-0.4736736092984604,-0.3363340021468808,1,0
243,0,2,0,-0.027787557825836348,-0.47454519624983954,-0.4736736092984604,-0.43700743807979686,0,1
244,0,3,0,-0.5657364610748746,-0.47454519624983954,-0.4736736092984604,-0.5049620073345151,0,1
245,0,3,0,0.04906228549545483,-0.47454519624983954,-0.4736736092984604,-0.5029485386158568,0,0
247,0,3,1,-0.33518693111100106,-0.47454519624983954,-0.4736736092984604,-0.4918744606632361,0,1
250,0,2,0,1.893458525206443,0.4327933656785018,-0.4736736092984604,-0.12491978668775715,0,1
251,0,3,0,-0.10463740114712752,-0.47454519624983954,-0.4736736092984604,-0.5024451714361923,0,1
254,0,3,0,0.04906228549545483,0.4327933656785018,-0.4736736092984604,-0.32425318983493084,0,1
261,0,3,0,-0.10463740114712752,-0.47454519624983954,-0.4736736092984604,-0.49237782784290063,1,0
264,0,1,0,0.8175607187083667,-0.47454519624983954,-0.4736736092984604,-0.6484216535389205,0,1
265,0,3,1,-0.10463740114712752,-0.47454519624983954,-0.4736736092984604,-0.49237782784290063,1,0
266,0,2,0,0.5101613454232019,-0.47454519624983954,-0.4736736092984604,-0.43700743807979686,0,1
268,1,3,0,-0.33518693111100106,0.4327933656785018,-0.4736736092984604,-0.4918744606632361,0,1
271,0,1,0,-0.10463740114712752,-0.47454519624983954,-0.4736736092984604,-0.024246350754841113,0,1
272,1,3,0,-0.33518693111100106,-0.47454519624983954,-0.4736736092984604,-0.6484216535389205,0,1
275,1,3,1,-0.10463740114712752,-0.47454519624983954,-0.4736736092984604,-0.49237782784290063,1,0
277,0,3,1,1.2018099353148226,-0.47454519624983954,-0.4736736092984604,-0.49237782784290063,0,1
278,0,2,0,-0.10463740114712752,-0.47454519624983954,-0.4736736092984604,-0.6484216535389205,0,1
282,0,3,0,-0.10463740114712752,-0.47454519624983954,-0.4736736092984604,-0.4902797934380587,0,1
283,0,3,0,-1.0268355210026217,-0.47454519624983954,-0.4736736092984604,-0.45714212526638004,0,1
284,1,3,0,-0.7962859910387481,-0.47454519624983954,-0.4736736092984604,-0.4863374216869257,0,1
285,0,1,0,-0.10463740114712752,-0.47454519624983954,-0.4736736092984604,-0.12491978668775715,0,1
286,0,3,0,0.27961181545932834,-0.47454519624983954,-0.4736736092984604,-0.47400492578514347,0,0
287,1,3,0,0.04906228549545483,-0.47454519624983954,-0.4736736092984604,-0.45714212526638004,0,1
288,0,3,0,-0.5657364610748746,-0.47454519624983954,-0.4736736092984604,-0.4894421904510968,0,1
289,1,2,0,0.9712604053509489,-0.47454519624983954,-0.4736736092984604,-0.3866707201133388,0,1
290,1,3,1,-0.5657364610748746,-0.47454519624983954,-0.4736736092984604,-0.49237782784290063,1,0
293,0,2,0,0.5101613454232019,-0.47454519624983954,-0.4736736092984604,-0.3891875560116617,0,0
294,0,3,1,-0.41203677443229225,-0.47454519624983954,-0.4736736092984604,-0.4702296719376591,0,1
295,0,3,0,-0.41203677443229225,-0.47454519624983954,-0.4736736092984604,-0.4894421904510968,0,1
296,0,1,0,-0.10463740114712752,-0.47454519624983954,-0.4736736092984604,-0.09027201697708476,0,0
297,0,3,0,-0.45046169609293785,-0.47454519624983954,-0.4736736092984604,-0.5028639729296732,0,0
299,1,1,0,-0.10463740114712752,-0.47454519624983954,-0.4736736092984604,-0.034313694348132716,0,1
301,1,3,1,-0.10463740114712752,-0.47454519624983954,-0.4736736092984604,-0.49237782784290063,1,0
302,1,3,0,-0.10463740114712752,1.340131927606843,-0.4736736092984604,-0.18029017645086096,1,0
303,0,3,0,-0.7962859910387481,-0.47454519624983954,-0.4736736092984604,-0.6484216535389205,0,1
304,1,2,1,-0.10463740114712752,-0.47454519624983954,-0.4736736092984604,-0.3997582667846179,1,0
305,0,3,0,-0.10463740114712752,-0.47454519624983954,-0.4736736092984604,-0.4863374216869257,0,1
309,0,2,0,0.04906228549545483,0.4327933656785018,-0.4736736092984604,-0.16518916106092355,0,0
314,0,3,0,-0.10463740114712752,-0.47454519624983954,-0.4736736092984604,-0.4894421904510968,0,1
316,1,3,1,-0.2583370877897099,-0.47454519624983954,-0.4736736092984604,-0.4902797934380587,0,1
317,1,2,1,-0.41203677443229225,0.4327933656785018,-0.4736736092984604,-0.12491978668775715,0,1
318,0,2,0,1.893458525206443,-0.47454519624983954,-0.4736736092984604,-0.36653603292675563,0,1
321,0,3,0,-0.5657364610748746,-0.47454519624983954,-0.4736736092984604,-0.5024451714361923,0,1
322,0,3,0,-0.1814872444684187,-0.47454519624983954,-0.4736736092984604,-0.4894421904510968,0,1
323,1,2,1,0.04906228549545483,-0.47454519624983954,-0.4736736092984604,-0.3997582667846179,1,0
328,1,2,1,0.5101613454232019,-0.47454519624983954,-0.4736736092984604,-0.3866707201133388,0,1
331,1,3,1,-0.10463740114712752,1.340131927606843,-0.4736736092984604,-0.18029017645086096,1,0
332,0,1,0,1.2402348569754682,-0.47454519624983954,-0.4736736092984604,-0.07458306872129913,0,1
334,0,3,0,-1.0268355210026217,1.340131927606843,-0.4736736092984604,-0.2859972841804228,0,1
336,0,3,0,-0.10463740114712752,-0.47454519624983954,-0.4736736092984604,-0.4894421904510968,0,1
339,1,3,0,1.2018099353148226,-0.47454519624983954,-0.4736736092984604,-0.4863374216869257,0,1
340,0,1,0,1.2018099353148226,-0.47454519624983954,-0.4736736092984604,0.06635974158478332,0,1
343,0,2,0,-0.10463740114712752,-0.47454519624983954,-0.4736736092984604,-0.3866707201133388,0,1
344,0,2,0,-0.33518693111100106,-0.47454519624983954,-0.4736736092984604,-0.3866707201133388,0,1
345,0,2,0,0.5101613454232019,-0.47454519624983954,-0.4736736092984604,-0.3866707201133388,0,1
346,1,2,1,-0.41203677443229225,-0.47454519624983954,-0.4736736092984604,-0.3866707201133388,0,1
347,1,2,1,0.8175607187083667,-0.47454519624983954,-0.4736736092984604,-0.3866707201133388,0,1
348,1,3,1,-0.10463740114712752,0.4327933656785018,-0.4736736092984604,-0.32425318983493084,0,1
350,0,3,0,0.9712604053509489,-0.47454519624983954,-0.4736736092984604,-0.47400492578514347,0,1
351,0,3,0,-0.48888661775358344,-0.47454519624983954,-0.4736736092984604,-0.4626791642426904,0,1
352,0,1,0,-0.10463740114712752,-0.47454519624983954,-0.4736736092984604,0.05629239799149171,0,1
354,0,3,0,-0.33518693111100106,0.4327933656785018,-0.4736736092984604,-0.29002422161773944,0,1
355,0,3,0,-0.10463740114712752,-0.47454519624983954,-0.4736736092984604,-0.5029485386158568,0,0
356,0,3,0,-0.10463740114712752,-0.47454519624983954,-0.4736736092984604,-0.45714212526638004,0,1
358,0,2,1,0.6638610320657843,-0.47454519624983954,-0.4736736092984604,-0.3866707201133388,0,1
359,1,3,1,-0.10463740114712752,-0.47454519624983954,-0.4736736092984604,-0.48977642625839407,1,0
360,1,3,1,-0.10463740114712752,-0.47454519624983954,-0.4736736092984604,-0.48977642625839407,1,0
362,0,2,0,-0.027787557825836348,0.4327933656785018,-0.4736736092984604,-0.09027201697708476,0,0
364,0,3,0,0.4333115021019107,-0.47454519624983954,-0.4736736092984604,-0.5064721088735089,0,1
365,0,3,0,-0.10463740114712752,0.4327933656785018,-0.4736736092984604,-0.3363340021468808,1,0
366,0,3,0,0.04906228549545483,-0.47454519624983954,-0.4736736092984604,-0.5024451714361923,0,1
368,1,3,1,-0.10463740114712752,-0.47454519624983954,-0.4736736092984604,-0.5028639729296732,0,0
369,1,3,1,-0.10463740114712752,-0.47454519624983954,-0.4736736092984604,-0.49237782784290063,1,0
372,0,3,0,-0.8731358343600393,0.4327933656785018,-0.4736736092984604,-0.5176307525123133,0,1
373,0,3,0,-0.7962859910387481,-0.47454519624983954,-0.4736736092984604,-0.4863374216869257,0,1
377,1,3,1,-0.5657364610748746,-0.47454519624983954,-0.4736736092984604,-0.5024451714361923,0,1
379,0,3,0,-0.719436147717457,-0.47454519624983954,-0.4736736092984604,-0.5676312212027554,0,0
380,0,3,0,-0.7962859910387481,-0.47454519624983954,-0.4736736092984604,-0.4918744606632361,0,1
383,0,3,0,0.20276197213803718,-0.47454519624983954,-0.4736736092984604,-0.4888542575852486,0,1
384,1,1,1,0.4333115021019107,0.4327933656785018,-0.4736736092984604,0.39858208016340624,0,1
385,0,3,0,-0.10463740114712752,-0.47454519624983954,-0.4736736092984604,-0.4894421904510968,0,1
388,1,2,1,0.5101613454232019,-0.47454519624983954,-0.4736736092984604,-0.3866707201133388,0,1
389,0,3,0,-0.10463740114712752,-0.47454519624983954,-0.4736736092984604,-0.49279662933638163,1,0
390,1,2,1,-0.9499856776813305,-0.47454519624983954,-0.4736736092984604,-0.40680540729992204,0,0
392,1,3,0,-0.6425863043961658,-0.47454519624983954,-0.4736736092984604,-0.49145565916975514,0,1
393,0,3,0,-0.10463740114712752,1.340131927606843,-0.4736736092984604,-0.4888542575852486,0,1
396,0,3,0,-0.5657364610748746,-0.47454519624983954,-0.4736736092984604,-0.49145565916975514,0,1
397,0,3,1,0.12591212881674602,-0.47454519624983954,-0.4736736092984604,-0.4902797934380587,0,1
398,0,2,0,1.2786597786361138,-0.47454519624983954,-0.4736736092984604,-0.12491978668775715,0,1
399,0,2,0,-0.48888661775358344,-0.47454519624983954,-0.4736736092984604,-0.43700743807979686,0,1
400,1,2,1,-0.10463740114712752,-0.47454519624983954,-0.4736736092984604,-0.393717860628643,0,1
401,1,3,0,0.7407108753870755,-0.47454519624983954,-0.4736736092984604,-0.4888542575852486,0,1
402,0,3,0,-0.2583370877897099,-0.47454519624983954,-0.4736736092984604,-0.4863374216869257,0,1
403,0,3,1,-0.6425863043961658,0.4327933656785018,-0.4736736092984604,-0.4505983519307405,0,1
404,0,3,0,-0.10463740114712752,0.4327933656785018,-0.4736736092984604,-0.32928686163157667,0,1
405,0,3,1,-0.719436147717457,-0.47454519624983954,-0.4736736092984604,-0.47400492578514347,0,1
406,0,2,0,0.35646165878061953,0.4327933656785018,-0.4736736092984604,-0.22559322262067316,0,1
407,0,3,0,1.6629089952425695,-0.47454519624983954,-0.4736736092984604,-0.49237782784290063,0,1
409,0,3,0,-0.6425863043961658,-0.47454519624983954,-0.4736736092984604,-0.4918744606632361,0,1
411,0,3,0,-0.10463740114712752,-0.47454519624983954,-0.4736736092984604,-0.4894421904510968,0,1
412,0,3,0,-0.10463740114712752,-0.47454519624983954,-0.4736736092984604,-0.5103319284071769,1,0
414,0,2,0,-0.10463740114712752,-0.47454519624983954,-0.4736736092984604,-0.6484216535389205,0,1
415,1,3,0,1.1249600919935314,-0.47454519624983954,-0.4736736092984604,-0.4888542575852486,0,1
416,0,3,1,-0.10463740114712752,-0.47454519624983954,-0.4736736092984604,-0.4863374216869257,0,1
419,0,2,0,0.04906228549545483,-0.47454519624983954,-0.4736736092984604,-0.3866707201133388,0,1
421,0,3,0,-0.10463740114712752,-0.47454519624983954,-0.4736736092984604,-0.4894421904510968,0,0
422,0,3,0,-0.6425863043961658,-0.47454519624983954,-0.4736736092984604,-0.49271407711891657,1,0
423,0,3,0,-0.027787557825836348,-0.47454519624983954,-0.4736736092984604,-0.4898609919445778,0,1
426,0,3,0,-0.10463740114712752,-0.47454519624983954,-0.4736736092984604,-0.5024451714361923,0,1
427,1,2,1,-0.10463740114712752,0.4327933656785018,-0.4736736092984604,-0.12491978668775715,0,1
428,1,2,1,-0.7962859910387481,-0.47454519624983954,-0.4736736092984604,-0.12491978668775715,0,1
429,0,3,0,-0.10463740114712752,-0.47454519624983954,-0.4736736092984604,-0.49237782784290063,1,0
430,1,3,0,0.20276197213803718,-0.47454519624983954,-0.4736736092984604,-0.4863374216869257,0,1
431,1,1,0,-0.10463740114712752,-0.47454519624983954,-0.4736736092984604,-0.11384570873513637,0,1
432,1,3,1,-0.10463740114712752,0.4327933656785018,-0.4736736092984604,-0.32425318983493084,0,1
433,1,2,1,0.9712604053509489,0.4327933656785018,-0.4736736092984604,-0.12491978668775715,0,1
434,0,3,0,-0.9499856776813305,-0.47454519624983954,-0.4736736092984604,-0.5049620073345151,0,1
440,0,2,0,0.12591212881674602,-0.47454519624983954,-0.4736736092984604,-0.43700743807979686,0,1
442,0,3,0,-0.719436147717457,-0.47454519624983954,-0.4736736092984604,-0.45714212526638004,0,1
443,0,3,0,-0.33518693111100106,0.4327933656785018,-0.4736736092984604,-0.4918744606632361,0,1
444,1,2,1,-0.10463740114712752,-0.47454519624983954,-0.4736736092984604,-0.3866707201133388,0,1
445,1,3,0,-0.10463740114712752,-0.47454519624983954,-0.4736736092984604,-0.48507900373776425,0,1
448,1,1,0,0.35646165878061953,-0.47454519624983954,-0.4736736092984604,-0.11384570873513637,0,1
450,1,1,0,1.7397588385638607,-0.47454519624983954,-0.4736736092984604,-0.034313694348132716,0,1
452,0,3,0,-0.10463740114712752,0.4327933656785018,-0.4736736092984604,-0.2463983948905696,0,1
453,0,1,0,0.04906228549545483,-0.47454519624983954,-0.4736736092984604,-0.08968408411123653,0,0
455,0,3,0,-0.10463740114712752,-0.47454519624983954,-0.4736736092984604,-0.4863374216869257,0,1
456,1,3,0,-0.027787557825836348,-0.47454519624983954,-0.4736736092984604,-0.4894421904510968,0,0
458,1,1,1,-0.10463740114712752,0.4327933656785018,-0.4736736092984604,0.395813560675251,0,1
459,1,2,1,1.5860591519212783,-0.47454519624983954,-0.4736736092984604,-0.43700743807979686,0,1
460,0,3,0,-0.10463740114712752,-0.47454519624983954,-0.4736736092984604,-0.49237782784290063,1,0
461,1,1,0,1.432359465278696,-0.47454519624983954,-0.4736736092984604,-0.11384570873513637,0,1
462,0,3,0,0.35646165878061953,-0.47454519624983954,-0.4736736092984604,-0.4863374216869257,0,1
463,0,1,0,1.3555096219574048,-0.47454519624983954,-0.4736736092984604,0.12676380314453292,0,1
464,0,2,0,1.432359465278696,-0.47454519624983954,-0.4736736092984604,-0.3866707201133388,0,1
465,0,3,0,-0.10463740114712752,-0.47454519624983954,-0.4736736092984604,-0.4863374216869257,0,1
466,0,3,0,0.6638610320657843,-0.47454519624983954,-0.4736736092984604,-0.5064721088735089,0,1
467,0,2,0,-0.10463740114712752,-0.47454519624983954,-0.4736736092984604,-0.6484216535389205,0,1
469,0,3,0,-0.10463740114712752,-0.47454519624983954,-0.4736736092984604,-0.4928811950225652,1,0
471,0,3,0,-0.10463740114712752,-0.47454519624983954,-0.4736736092984604,-0.5024451714361923,0,1
472,0,3,0,0.6638610320657843,-0.47454519624983954,-0.4736736092984604,-0.47400492578514347,0,1
474,1,2,1,-0.48888661775358344,-0.47454519624983954,-0.4736736092984604,-0.3707300882677209,0,0
475,0,3,1,-0.5657364610748746,-0.47454519624983954,-0.4736736092984604,-0.45034666834090825,0,1
476,0,1,0,-0.10463740114712752,-0.47454519624983954,-0.4736736092984604,0.39858208016340624,0,1
477,0,2,0,0.35646165878061953,0.4327933656785018,-0.4736736092984604,-0.22559322262067316,0,1
478,0,3,0,-0.027787557825836348,0.4327933656785018,-0.4736736092984604,-0.5065566745596926,0,1
479,0,3,0,-0.5657364610748746,-0.47454519624983954,-0.4736736092984604,-0.4969926981460655,0,1
482,0,2,0,-0.10463740114712752,-0.47454519624983954,-0.4736736092984604,-0.6484216535389205,0,1
483,0,3,0,1.5860591519212783,-0.47454519624983954,-0.4736736092984604,-0.4863374216869257,0,1
489,0,3,0,0.04906228549545483,-0.47454519624983954,-0.4736736092984604,-0.4863374216869257,0,1
491,0,3,0,-0.10463740114712752,0.4327933656785018,-0.4736736092984604,-0.2463983948905696,0,1
492,0,3,0,-0.6425863043961658,-0.47454519624983954,-0.4736736092984604,-0.5024451714361923,0,1
495,0,3,0,-0.6425863043961658,-0.47454519624983954,-0.4736736092984604,-0.4863374216869257,0,1
496,0,3,0,-0.10463740114712752,-0.47454519624983954,-0.4736736092984604,-0.3573083057891445,0,0
498,0,3,0,-0.10463740114712752,-0.47454519624983954,-0.4736736092984604,-0.3443878770215141,0,1
500,0,3,0,-0.41203677443229225,-0.47454519624983954,-0.4736736092984604,-0.49145565916975514,0,1
501,0,3,0,-0.9499856776813305,-0.47454519624983954,-0.4736736092984604,-0.47400492578514347,0,1
502,0,3,1,-0.6425863043961658,-0.47454519624983954,-0.4736736092984604,-0.49237782784290063,1,0
503,0,3,1,-0.10463740114712752,-0.47454519624983954,-0.4736736092984604,-0.4948100980550399,1,0
504,0,3,1,0.5870111887444931,-0.47454519624983954,-0.4736736092984604,-0.455380340137554,0,1
508,1,1,0,-0.10463740114712752,-0.47454519624983954,-0.4736736092984604,-0.11384570873513637,0,1
509,0,3,0,-0.10463740114712752,-0.47454519624983954,-0.4736736092984604,-0.1948878246611338,0,1
511,1,3,0,-0.027787557825836348,-0.47454519624983954,-0.4736736092984604,-0.49237782784290063,1,0
512,0,3,0,-0.10463740114712752,-0.47454519624983954,-0.4736736092984604,-0.4863374216869257,0,1
513,1,1,0,0.5101613454232019,-0.47454519624983954,-0.4736736092984604,-0.11913106412161445,0,1
515,0,3,0,-0.41203677443229225,-0.47454519624983954,-0.4736736092984604,-0.4974960653257301,0,1
516,0,1,0,1.3555096219574048,-0.47454519624983954,-0.4736736092984604,0.036576512298389464,0,1
517,1,2,1,0.35646165878061953,-0.47454519624983954,-0.4736736092984604,-0.43700743807979686,0,1
518,0,3,0,-0.10463740114712752,-0.47454519624983954,-0.4736736092984604,-0.1621689579829361,1,0
519,1,2,1,0.5101613454232019,0.4327933656785018,-0.4736736092984604,-0.12491978668775715,0,1
520,0,3,0,0.20276197213803718,-0.47454519624983954,-0.4736736092984604,-0.4894421904510968,0,1
522,0,3,0,-0.5657364610748746,-0.47454519624983954,-0.4736736092984604,-0.4894421904510968,0,1
523,0,3,0,-0.10463740114712752,-0.47454519624983954,-0.4736736092984604,-0.5029485386158568,0,0
525,0,3,0,-0.10463740114712752,-0.47454519624983954,-0.4736736092984604,-0.5028639729296732,0,0
526,0,3,0,0.8559856403690123,-0.47454519624983954,-0.4736736092984604,-0.49237782784290063,1,0
527,1,2,1,1.5860591519212783,-0.47454519624983954,-0.4736736092984604,-0.43700743807979686,0,1
529,0,3,0,0.7407108753870755,-0.47454519624983954,-0.4736736092984604,-0.4888542575852486,0,1
532,0,3,0,-0.10463740114712752,-0.47454519624983954,-0.4736736092984604,-0.5028639729296732,0,0
535,0,3,1,0.04906228549545483,-0.47454519624983954,-0.4736736092984604,-0.47400492578514347,0,1
537,0,1,0,1.2018099353148226,-0.47454519624983954,-0.4736736092984604,-0.11384570873513637,0,1
539,0,3,0,-0.10463740114712752,-0.47454519624983954,-0.4736736092984604,-0.35646868933346404,0,1
544,1,2,0,0.20276197213803718,0.4327933656785018,-0.4736736092984604,-0.12491978668775715,0,1
547,1,2,1,-0.7962859910387481,0.4327933656785018,-0.4736736092984604,-0.12491978668775715,0,1
548,1,2,0,-0.10463740114712752,-0.47454519624983954,-0.4736736092984604,-0.3693045524149108,0,0
552,0,2,0,-0.1814872444684187,-0.47454519624983954,-0.4736736092984604,-0.12491978668775715,0,1
553,0,3,0,-0.10463740114712752,-0.47454519624983954,-0.4736736092984604,-0.49078316061772326,1,0
554,1,3,0,-0.5657364610748746,-0.47454519624983954,-0.4736736092984604,-0.5029485386158568,0,0
555,1,3,1,-0.5657364610748746,-0.47454519624983954,-0.4736736092984604,-0.4918744606632361,0,1
557,1,1,1,1.432359465278696,0.4327933656785018,-0.4736736092984604,0.1489119590497745,0,0
560,1,3,1,0.5101613454232019,0.4327933656785018,-0.4736736092984604,-0.29807809649237277,0,1
561,0,3,0,-0.10463740114712752,-0.47454519624983954,-0.4736736092984604,-0.49237782784290063,1,0
562,0,3,0,0.8175607187083667,-0.47454519624983954,-0.4736736092984604,-0.4894421904510968,0,1
563,0,2,0,-0.10463740114712752,-0.47454519624983954,-0.4736736092984604,-0.3766033765200472,0,1
564,0,3,0,-0.10463740114712752,-0.47454519624983954,-0.4736736092984604,-0.4863374216869257,0,1
565,0,3,1,-0.10463740114712752,-0.47454519624983954,-0.4736736092984604,-0.4863374216869257,0,1
566,0,3,0,-0.41203677443229225,1.340131927606843,-0.4736736092984604,-0.1621689579829361,0,1
567,0,3,0,-0.7962859910387481,-0.47454519624983954,-0.4736736092984604,-0.4894421904510968,0,1
569,0,3,0,-0.10463740114712752,-0.47454519624983954,-0.4736736092984604,-0.5028639729296732,0,0
570,1,3,0,0.20276197213803718,-0.47454519624983954,-0.4736736092984604,-0.4902797934380587,0,1
572,1,1,1,1.816608681885152,1.340131927606843,-0.4736736092984604,0.38809593507663365,0,1
573,1,1,0,0.5101613454232019,-0.47454519624983954,-0.4736736092984604,-0.11711759540295616,0,1
574,1,3,1,-0.10463740114712752,-0.47454519624983954,-0.4736736092984604,-0.49237782784290063,1,0
575,0,3,0,-1.0268355210026217,-0.47454519624983954,-0.4736736092984604,-0.4863374216869257,0,1
576,0,3,0,-0.7962859910387481,-0.47454519624983954,-0.4736736092984604,-0.35646868933346404,0,1
577,1,2,1,0.35646165878061953,-0.47454519624983954,-0.4736736092984604,-0.3866707201133388,0,1
579,0,3,1,-0.10463740114712752,0.4327933656785018,-0.4736736092984604,-0.3573083057891445,0,0
580,1,3,0,0.20276197213803718,-0.47454519624983954,-0.4736736092984604,-0.4888542575852486,0,1
583,0,2,0,1.893458525206443,-0.47454519624983954,-0.4736736092984604,-0.12491978668775715,0,1
584,0,1,0,0.5101613454232019,-0.47454519624983954,-0.4736736092984604,0.15948266982273065,0,0
585,0,3,0,-0.10463740114712752,-0.47454519624983954,-0.4736736092984604,-0.47299819142581434,0,0
587,0,2,0,1.3555096219574048,-0.47454519624983954,-0.4736736092984604,-0.3464013457401724,0,1
589,0,3,0,-0.5657364610748746,-0.47454519624983954,-0.4736736092984604,-0.4863374216869257,0,1
590,0,3,0,-0.10463740114712752,-0.47454519624983954,-0.4736736092984604,-0.4863374216869257,0,1
591,0,3,0,0.4333115021019107,-0.47454519624983954,-0.4736736092984604,-0.5049620073345151,0,1
593,0,3,0,1.3555096219574048,-0.47454519624983954,-0.4736736092984604,-0.5024451714361923,0,1
595,0,2,0,0.5870111887444931,0.4327933656785018,-0.4736736092984604,-0.12491978668775715,0,1
597,1,2,1,-0.10463740114712752,-0.47454519624983954,-0.4736736092984604,0.016023023618325298,0,1
598,0,3,0,1.5092093085999871,-0.47454519624983954,-0.4736736092984604,-0.6484216535389205,0,1
599,0,3,0,-0.10463740114712752,-0.47454519624983954,-0.4736736092984604,-0.5029485386158568,0,0
602,0,3,0,-0.10463740114712752,-0.47454519624983954,-0.4736736092984604,-0.4894421904510968,0,1
603,0,1,0,-0.10463740114712752,-0.47454519624983954,-0.4736736092984604,0.2052890831722074,0,1
604,0,3,0,1.1249600919935314,-0.47454519624983954,-0.4736736092984604,-0.4863374216869257,0,1
605,1,1,0,0.4333115021019107,-0.47454519624983954,-0.4736736092984604,-0.11384570873513637,0,0
606,0,3,0,0.5101613454232019,0.4327933656785018,-0.4736736092984604,-0.3353272677875516,0,1
607,0,3,0,0.04906228549545483,-0.47454519624983954,-0.4736736092984604,-0.4894421904510968,0,1
608,1,1,0,-0.1814872444684187,-0.47454519624983954,-0.4736736092984604,-0.034313694348132716,0,1
612,0,3,0,-0.10463740114712752,-0.47454519624983954,-0.4736736092984604,-0.5064721088735089,0,1
613,1,3,1,-0.10463740114712752,0.4327933656785018,-0.4736736092984604,-0.3363340021468808,1,0
614,0,3,0,-0.10463740114712752,-0.47454519624983954,-0.4736736092984604,-0.49237782784290063,1,0
615,0,3,0,0.4333115021019107,-0.47454519624983954,-0.4736736092984604,-0.4863374216869257,0,1
618,0,3,1,-0.2583370877897099,0.4327933656785018,-0.4736736092984604,-0.32425318983493084,0,1
620,0,2,0,-0.2583370877897099,-0.47454519624983954,-0.4736736092984604,-0.43700743807979686,0,1
621,0,3,0,-0.1814872444684187,0.4327933656785018,-0.4736736092984604,-0.3573908580066095,0,0
622,1,1,0,0.9712604053509489,0.4327933656785018,-0.4736736092984604,0.40974072380221066,0,1
624,0,3,0,-0.6425863043961658,-0.47454519624983954,-0.4736736092984604,-0.4902797934380587,0,1
625,0,3,0,-0.6425863043961658,-0.47454519624983954,-0.4736736092984604,-0.32425318983493084,0,1
629,0,3,0,-0.2583370877897099,-0.47454519624983954,-0.4736736092984604,-0.4894421904510968,0,1
630,0,3,0,-0.10463740114712752,-0.47454519624983954,-0.4736736092984604,-0.49271407711891657,1,0
632,0,3,0,1.6629089952425695,-0.47454519624983954,-0.4736736092984604,-0.5063875431873253,0,1
633,1,1,0,0.20276197213803718,-0.47454519624983954,-0.4736736092984604,-0.034313694348132716,0,0
634,0,1,0,-0.10463740114712752,-0.47454519624983954,-0.4736736092984604,-0.6484216535389205,0,1
636,1,2,1,-0.10463740114712752,-0.47454519624983954,-0.4736736092984604,-0.3866707201133388,0,1
637,0,3,0,0.20276197213803718,-0.47454519624983954,-0.4736736092984604,-0.4888542575852486,0,1
640,0,3,0,-0.10463740114712752,0.4327933656785018,-0.4736736092984604,-0.32425318983493084,0,1
641,0,3,0,-0.719436147717457,-0.47454519624983954,-0.4736736092984604,-0.4902797934380587,0,1
647,0,3,0,-0.7962859910387481,-0.47454519624983954,-0.4736736092984604,-0.4894421904510968,0,1
649,0,3,0,-0.10463740114712752,-0.47454519624983954,-0.4736736092984604,-0.49640476528021726,0,1
650,1,3,1,-0.48888661775358344,-0.47454519624983954,-0.4736736092984604,-0.49640476528021726,0,1
651,0,3,0,-0.10463740114712752,-0.47454519624983954,-0.4736736092984604,-0.4894421904510968,0,1
653,0,3,0,-0.6425863043961658,-0.47454519624983954,-0.4736736092984604,-0.47861979608830835,0,1
654,1,3,1,-0.10463740114712752,-0.47454519624983954,-0.4736736092984604,-0.49078316061772326,1,0
655,0,3,1,-0.8731358343600393,-0.47454519624983954,-0.4736736092984604,-0.5125125150294839,1,0
657,0,3,0,-0.10463740114712752,-0.47454519624983954,-0.4736736092984604,-0.4894421904510968,0,1
659,0,2,0,-0.48888661775358344,-0.47454519624983954,-0.4736736092984604,-0.3866707201133388,0,1
662,0,3,0,0.8175607187083667,-0.47454519624983954,-0.4736736092984604,-0.5029485386158568,0,0
663,0,1,0,1.3555096219574048,-0.47454519624983954,-0.4736736092984604,-0.13322534515222276,0,1
664,0,3,0,0.5101613454232019,-0.47454519624983954,-0.4736736092984604,-0.4974960653257301,0,1
665,1,3,0,-0.719436147717457,0.4327933656785018,-0.4736736092984604,-0.4888542575852486,0,1
667,0,2,0,-0.33518693111100106,-0.47454519624983954,-0.4736736092984604,-0.3866707201133388,0,1
668,0,3,0,-0.10463740114712752,-0.47454519624983954,-0.4736736092984604,-0.4918744606632361,0,1
669,0,3,0,1.0481102486722402,-0.47454519624983954,-0.4736736092984604,-0.4863374216869257,0,1
670,1,1,1,-0.10463740114712752,0.4327933656785018,-0.4736736092984604,0.39858208016340624,0,1
672,0,1,0,0.12591212881674602,0.4327933656785018,-0.4736736092984604,0.39858208016340624,0,1
674,1,2,0,0.12591212881674602,-0.47454519624983954,-0.4736736092984604,-0.3866707201133388,0,1
675,0,2,0,-0.10463740114712752,-0.47454519624983954,-0.4736736092984604,-0.6484216535389205,0,1
676,0,3,0,-0.8731358343600393,-0.47454519624983954,-0.4736736092984604,-0.4918744606632361,0,1
677,0,3,0,-0.37361185277164666,-0.47454519624983954,-0.4736736092984604,-0.4863374216869257,0,1
678,1,3,1,-0.8731358343600393,-0.47454519624983954,-0.4736736092984604,-0.45026210265472455,0,1
681,0,3,1,-0.10463740114712752,-0.47454519624983954,-0.4736736092984604,-0.48457563655809965,1,0
683,0,3,0,-0.719436147717457,-0.47454519624983954,-0.4736736092984604,-0.4626791642426904,0,1
688,0,3,0,-0.7962859910387481,-0.47454519624983954,-0.4736736092984604,-0.44363577710162005,0,1
689,0,3,0,-0.8731358343600393,-0.47454519624983954,-0.4736736092984604,-0.49145565916975514,0,1
694,0,3,0,-0.33518693111100106,-0.47454519624983954,-0.4736736092984604,-0.5029485386158568,0,0
696,0,2,0,1.7397588385638607,-0.47454519624983954,-0.4736736092984604,-0.3766033765200472,0,1
697,0,3,0,1.1249600919935314,-0.47454519624983954,-0.4736736092984604,-0.4863374216869257,0,1
698,1,3,1,-0.10463740114712752,-0.47454519624983954,-0.4736736092984604,-0.49271407711891657,1,0
700,0,3,0,0.9712604053509489,-0.47454519624983954,-0.4736736092984604,-0.494391296561559,0,1
702,1,1,0,0.4333115021019107,-0.47454519624983954,-0.4736736092984604,-0.11913106412161445,0,1
704,0,3,0,-0.33518693111100106,-0.47454519624983954,-0.4736736092984604,-0.4925449457465493,1,0
705,0,3,0,-0.2583370877897099,0.4327933656785018,-0.4736736092984604,-0.4902797934380587,0,1
706,0,2,0,0.7407108753870755,-0.47454519624983954,-0.4736736092984604,-0.12491978668775715,0,1
707,1,2,1,1.2018099353148226,-0.47454519624983954,-0.4736736092984604,-0.3766033765200472,0,1
708,1,1,0,0.9712604053509489,-0.47454519624983954,-0.4736736092984604,-0.11913106412161445,0,1
711,1,1,1,-0.41203677443229225,-0.47454519624983954,-0.4736736092984604,0.3483299278831318,0,0
712,0,1,0,-0.10463740114712752,-0.47454519624983954,-0.4736736092984604,-0.11384570873513637,0,1
713,1,1,0,1.432359465278696,0.4327933656785018,-0.4736736092984604,0.39858208016340624,0,1
714,0,3,0,-0.027787557825836348,-0.47454519624983954,-0.4736736092984604,-0.457478374542396,0,1
715,0,2,0,1.7397588385638607,-0.47454519624983954,-0.4736736092984604,-0.3866707201133388,0,1
716,0,3,0,-0.7962859910387481,-0.47454519624983954,-0.4736736092984604,-0.494391296561559,0,1
718,1,2,1,-0.1814872444684187,-0.47454519624983954,-0.4736736092984604,-0.43700743807979686,0,1
719,0,3,0,-0.10463740114712752,-0.47454519624983954,-0.4736736092984604,-0.3363340021468808,1,0
720,0,3,0,0.27961181545932834,-0.47454519624983954,-0.4736736092984604,-0.4918744606632361,0,1
722,0,3,0,-0.9499856776813305,0.4327933656785018,-0.4736736092984604,-0.5063875431873253,0,1
723,0,2,0,0.35646165878061953,-0.47454519624983954,-0.4736736092984604,-0.3866707201133388,0,1
724,0,2,0,1.5860591519212783,-0.47454519624983954,-0.4736736092984604,-0.3866707201133388,0,1
725,1,1,0,-0.1814872444684187,0.4327933656785018,-0.4736736092984604,0.4207302360686478,0,1
726,0,3,0,-0.719436147717457,-0.47454519624983954,-0.4736736092984604,-0.47400492578514347,0,1
728,1,3,1,-0.10463740114712752,-0.47454519624983954,-0.4736736092984604,-0.4926295114327329,1,0
729,0,2,0,-0.33518693111100106,0.4327933656785018,-0.4736736092984604,-0.12491978668775715,0,1
730,0,3,1,-0.33518693111100106,0.4327933656785018,-0.4736736092984604,-0.4888542575852486,0,1
732,0,3,0,-1.4110847376090776,-0.47454519624983954,-0.4736736092984604,-0.2701412180209885,0,0
733,0,2,0,-0.10463740114712752,-0.47454519624983954,-0.4736736092984604,-0.6484216535389205,0,1
734,0,2,0,-0.48888661775358344,-0.47454519624983954,-0.4736736092984604,-0.3866707201133388,0,1
735,0,2,0,-0.48888661775358344,-0.47454519624983954,-0.4736736092984604,-0.3866707201133388,0,1
736,0,3,0,-0.06621247948648194,-0.47454519624983954,-0.4736736092984604,-0.32425318983493084,0,1
739,0,3,0,-0.10463740114712752,-0.47454519624983954,-0.4736736092984604,-0.4894421904510968,0,1
740,0,3,0,-0.10463740114712752,-0.47454519624983954,-0.4736736092984604,-0.4894421904510968,0,1
741,1,1,0,-0.10463740114712752,-0.47454519624983954,-0.4736736092984604,-0.04438103794142432,0,1
744,0,3,0,-0.41203677443229225,0.4327933656785018,-0.4736736092984604,-0.32425318983493084,0,1
745,1,3,0,0.12591212881674602,-0.47454519624983954,-0.4736736092984604,-0.4888542575852486,0,1
748,1,2,1,0.04906228549545483,-0.47454519624983954,-0.4736736092984604,-0.3866707201133388,0,1
749,0,1,0,-0.7962859910387481,0.4327933656785018,-0.4736736092984604,0.4207302360686478,0,1
750,0,3,0,0.12591212881674602,-0.47454519624983954,-0.4736736092984604,-0.49237782784290063,1,0
753,0,3,0,0.27961181545932834,-0.47454519624983954,-0.4736736092984604,-0.45714212526638004,0,1
754,0,3,0,-0.48888661775358344,-0.47454519624983954,-0.4736736092984604,-0.4894421904510968,0,1
757,0,3,0,-0.10463740114712752,-0.47454519624983954,-0.4736736092984604,-0.49145565916975514,0,1
758,0,2,0,-0.8731358343600393,-0.47454519624983954,-0.4736736092984604,-0.41687275089321363,0,1
759,0,3,0,0.35646165878061953,-0.47454519624983954,-0.4736736092984604,-0.4863374216869257,0,1
761,0,3,0,-0.10463740114712752,-0.47454519624983954,-0.4736736092984604,-0.35646868933346404,0,1
762,0,3,0,0.8944105620296577,-0.47454519624983954,-0.4736736092984604,-0.5049620073345151,0,1
763,1,3,0,-0.719436147717457,-0.47454519624983954,-0.4736736092984604,-0.5028639729296732,0,0
765,0,3,0,-1.0268355210026217,-0.47454519624983954,-0.4736736092984604,-0.4918744606632361,0,1
767,0,1,0,-0.10463740114712752,-0.47454519624983954,-0.4736736092984604,0.1489119590497745,0,0
768,0,3,1,0.08748720715610042,-0.47454519624983954,-0.4736736092984604,-0.49237782784290063,1,0
769,0,3,0,-0.10463740114712752,0.4327933656785018,-0.4736736092984604,-0.1621689579829361,1,0
770,0,3,0,0.20276197213803718,-0.47454519624983954,-0.4736736092984604,-0.4800453319411184,0,1
771,0,3,0,-0.41203677443229225,-0.47454519624983954,-0.4736736092984604,-0.45714212526638004,0,1
772,0,3,0,1.432359465278696,-0.47454519624983954,-0.4736736092984604,-0.4902797934380587,0,1
774,0,3,0,-0.10463740114712752,-0.47454519624983954,-0.4736736092984604,-0.5029485386158568,0,0
776,0,3,0,-0.8731358343600393,-0.47454519624983954,-0.4736736092984604,-0.49237782784290063,0,1
777,0,3,0,-0.10463740114712752,-0.47454519624983954,-0.4736736092984604,-0.49237782784290063,1,0
778,1,3,1,-1.8721837975368247,-0.47454519624983954,-0.4736736092984604,-0.397241430886295,0,1
779,0,3,0,-0.10463740114712752,-0.47454519624983954,-0.4736736092984604,-0.4926295114327329,1,0
781,1,3,1,-1.2573850509664952,-0.47454519624983954,-0.4736736092984604,-0.5028639729296732,0,0
783,0,1,0,-0.027787557825836348,-0.47454519624983954,-0.4736736092984604,-0.04438103794142432,0,1
785,0,3,0,-0.33518693111100106,-0.47454519624983954,-0.4736736092984604,-0.5064721088735089,0,1
786,0,3,0,-0.33518693111100106,-0.47454519624983954,-0.4736736092984604,-0.5024451714361923,0,1
787,1,3,1,-0.8731358343600393,-0.47454519624983954,-0.4736736092984604,-0.4974960653257301,0,1
791,0,3,0,-0.10463740114712752,-0.47454519624983954,-0.4736736092984604,-0.49237782784290063,1,0
792,0,2,0,-1.0268355210026217,-0.47454519624983954,-0.4736736092984604,-0.12491978668775715,0,1
794,0,1,0,-0.10463740114712752,-0.47454519624983954,-0.4736736092984604,-0.030371322596999754,0,0
795,0,3,0,-0.33518693111100106,-0.47454519624983954,-0.4736736092984604,-0.4894421904510968,0,1
796,0,2,0,0.7407108753870755,-0.47454519624983954,-0.4736736092984604,-0.3866707201133388,0,1
797,1,1,1,1.5092093085999871,-0.47454519624983954,-0.4736736092984604,-0.1263453225405672,0,1
798,1,3,1,0.12591212881674602,-0.47454519624983954,-0.4736736092984604,-0.4735861242916626,0,1
799,0,3,0,0.04906228549545483,-0.47454519624983954,-0.4736736092984604,-0.5028639729296732,0,0
801,0,2,0,0.35646165878061953,-0.47454519624983954,-0.4736736092984604,-0.3866707201133388,0,1
805,1,3,0,-0.1814872444684187,-0.47454519624983954,-0.4736736092984604,-0.5079822104125026,0,1
806,0,3,0,0.12591212881674602,-0.47454519624983954,-0.4736736092984604,-0.4918744606632361,0,1
807,0,1,0,0.7407108753870755,-0.47454519624983954,-0.4736736092984604,-0.6484216535389205,0,1
808,0,3,1,-0.8731358343600393,-0.47454519624983954,-0.4736736092984604,-0.4918744606632361,0,1
809,0,2,0,0.7407108753870755,-0.47454519624983954,-0.4736736092984604,-0.3866707201133388,0,1
810,1,1,1,0.27961181545932834,0.4327933656785018,-0.4736736092984604,0.4207302360686478,0,1
811,0,3,0,-0.2583370877897099,-0.47454519624983954,-0.4736736092984604,-0.4896093083547455,0,1
812,0,3,0,0.7407108753870755,-0.47454519624983954,-0.4736736092984604,-0.1621689579829361,0,1
813,0,2,0,0.4333115021019107,-0.47454519624983954,-0.4736736092984604,-0.43700743807979686,0,1
815,0,3,0,0.08748720715610042,-0.47454519624983954,-0.4736736092984604,-0.4863374216869257,0,1
816,0,1,0,-0.10463740114712752,-0.47454519624983954,-0.4736736092984604,-0.6484216535389205,0,1
817,0,3,1,-0.48888661775358344,-0.47454519624983954,-0.4736736092984604,-0.4888542575852486,0,1
819,0,3,0,1.0481102486722402,-0.47454519624983954,-0.4736736092984604,-0.5185529211854588,0,1
822,1,3,0,-0.1814872444684187,-0.47454519624983954,-0.4736736092984604,-0.47400492578514347,0,1
823,0,1,0,0.6638610320657843,-0.47454519624983954,-0.4736736092984604,-0.6484216535389205,0,1
826,0,3,0,-0.10463740114712752,-0.47454519624983954,-0.4736736092984604,-0.5084855775921673,1,0
829,1,3,0,-0.10463740114712752,-0.47454519624983954,-0.4736736092984604,-0.49237782784290063,1,0
831,1,3,1,-1.1036853643239128,0.4327933656785018,-0.4736736092984604,-0.3573908580066095,0,0
833,0,3,0,-0.10463740114712752,-0.47454519624983954,-0.4736736092984604,-0.5028639729296732,0,0
834,0,3,0,-0.48888661775358344,-0.47454519624983954,-0.4736736092984604,-0.4902797934380587,0,1
835,0,3,0,-0.8731358343600393,-0.47454519624983954,-0.4736736092984604,-0.48130374989027985,0,1
837,0,3,0,-0.6425863043961658,-0.47454519624983954,-0.4736736092984604,-0.47400492578514347,0,1
838,0,3,0,-0.10463740114712752,-0.47454519624983954,-0.4736736092984604,-0.4863374216869257,0,1
840,1,1,0,-0.10463740114712752,-0.47454519624983954,-0.4736736092984604,-0.05042144409739929,0,0
841,0,3,0,-0.719436147717457,-0.47454519624983954,-0.4736736092984604,-0.4888542575852486,0,1
842,0,2,0,-1.0268355210026217,-0.47454519624983954,-0.4736736092984604,-0.43700743807979686,0,1
843,1,1,1,0.04906228549545483,-0.47454519624983954,-0.4736736092984604,-0.024246350754841113,0,0
844,0,3,0,0.3948865804412651,-0.47454519624983954,-0.4736736092984604,-0.5188046047752911,0,0
845,0,3,0,-0.9499856776813305,-0.47454519624983954,-0.4736736092984604,-0.47400492578514347,0,1
846,0,3,0,0.9712604053509489,-0.47454519624983954,-0.4736736092984604,-0.49640476528021726,0,1
848,0,3,0,0.4333115021019107,-0.47454519624983954,-0.4736736092984604,-0.4894421904510968,0,0
855,0,2,1,1.1249600919935314,0.4327933656785018,-0.4736736092984604,-0.12491978668775715,0,1
858,1,1,0,1.6629089952425695,-0.47454519624983954,-0.4736736092984604,-0.11384570873513637,0,1
860,0,3,0,-0.10463740114712752,-0.47454519624983954,-0.4736736092984604,-0.5028639729296732,0,0
861,0,3,0,0.8944105620296577,1.340131927606843,-0.4736736092984604,-0.36435544630444866,0,1
862,0,2,0,-0.6425863043961658,0.4327933656785018,-0.4736736092984604,-0.41687275089321363,0,1
863,1,1,1,1.432359465278696,-0.47454519624983954,-0.4736736092984604,-0.1263453225405672,0,1
865,0,2,0,-0.41203677443229225,-0.47454519624983954,-0.4736736092984604,-0.3866707201133388,0,1
866,1,2,1,0.9712604053509489,-0.47454519624983954,-0.4736736092984604,-0.3866707201133388,0,1
867,1,2,1,-0.1814872444684187,0.4327933656785018,-0.4736736092984604,-0.3693891181010945,0,0
868,0,1,0,0.12591212881674602,-0.47454519624983954,-0.4736736092984604,0.3682954836973478,0,1
869,0,3,0,-0.10463740114712752,-0.47454519624983954,-0.4736736092984604,-0.45714212526638004,0,1
871,0,3,0,-0.2583370877897099,-0.47454519624983954,-0.4736736092984604,-0.4894421904510968,0,1
873,0,1,0,0.27961181545932834,-0.47454519624983954,-0.4736736092984604,-0.5477482176060045,0,1
874,0,3,0,1.3555096219574048,-0.47454519624983954,-0.4736736092984604,-0.46720946885967163,0,1
875,1,2,1,-0.10463740114712752,0.4327933656785018,-0.4736736092984604,-0.16518916106092355,0,0
876,1,3,1,-1.1036853643239128,-0.47454519624983954,-0.4736736092984604,-0.5029485386158568,0,0
877,0,3,0,-0.719436147717457,-0.47454519624983954,-0.4736736092984604,-0.45017955043725955,0,1
878,0,3,0,-0.7962859910387481,-0.47454519624983954,-0.4736736092984604,-0.4894421904510968,0,1
879,0,3,0,-0.10463740114712752,-0.47454519624983954,-0.4736736092984604,-0.4894421904510968,0,1
882,0,3,0,0.27961181545932834,-0.47454519624983954,-0.4736736092984604,-0.4894421904510968,0,1
883,0,3,1,-0.5657364610748746,-0.47454519624983954,-0.4736736092984604,-0.4366711888037809,0,1
884,0,2,0,-0.10463740114712752,-0.47454519624983954,-0.4736736092984604,-0.43700743807979686,0,1
885,0,3,0,-0.33518693111100106,-0.47454519624983954,-0.4736736092984604,-0.5064721088735089,0,1
887,0,2,0,-0.1814872444684187,-0.47454519624983954,-0.4736736092984604,-0.3866707201133388,0,1
888,1,1,1,-0.7962859910387481,-0.47454519624983954,-0.4736736092984604,-0.04438103794142432,0,1
890,1,1,0,-0.2583370877897099,-0.47454519624983954,-0.4736736092984604,-0.04438103794142432,0,0
891,0,3,0,0.20276197213803718,-0.47454519624983954,-0.4736736092984604,-0.49237782784290063,1,0
